Time_ms,Voltage_mV
0.0,-65.0
0.5,-66.5
1.0,-67.80499999999999
1.5,-68.86563949999999
2.0,-69.67592217512079
2.5,-70.26293225435298
3.0,-70.66996237635936
3.5,-70.94215328054514
4.0,-71.11841932064465
4.5,-71.22883256517532
5.0,-71.29511050033466
5.5,-71.33227930474243
6.0,-71.35045673678549
6.5,-71.35633974900536
7.0,-71.3543139714743
7.5,-71.34723271810694
8.0,-71.33694517086276
8.5,-71.32464709732936
9.0,-71.3111108105785
9.5,-71.29683481384156
10.0,-71.28214075100368
10.5,-71.26723606486347
11.0,-71.2522544446675
11.5,-71.23728192602204
12.0,-71.22237373473372
12.5,-71.20756516206967
13.0,-71.19287859101753
13.5,-71.17832803937387
14.0,-71.16392209979978
14.5,-71.14966584422191
15.0,-71.13556205856375
15.5,-71.12161204406249
16.0,-71.10781613781384
16.5,-71.09417405125427
17.0,-71.08068509047314
17.5,-71.06734829975159
18.0,-71.05416255517463
18.5,-71.04112662574391
19.0,-71.02823921331547
19.5,-71.01549897872738
20.0,-71.00290455891243
20.5,-70.99045457812022
21.0,-70.97814765528645
21.5,-70.96598240887995
22.0,-70.95395746009675
22.5,-70.94207143496978
23.0,-70.93032296576641
23.5,-70.91871069191758
24.0,-70.90723326063845
24.5,-70.89588932734583
25.0,-70.8846775559406
25.5,-70.87359661900162
26.0,-70.86264519791942
26.5,-70.85182198299091
27.0,-70.84112567348683
27.5,-70.83055497770104
28.0,-70.82010861298747
28.5,-70.80978530578788
29.0,-70.79958379165333
29.5,-70.78950281526093
30.0,-70.77954113042696
30.5,-70.769697500117
31.0,-70.75997069645342
31.5,-70.75035950072112
32.0,-70.74086270337104
32.5,-70.73147910402203
33.0,-70.72220751146119
33.5,-70.71304674364241
34.0,-70.70399562768353
34.5,-70.69505299986203
35.0,-70.68621770560932
35.5,-70.6774885995035
36.0,-70.66886454526082
36.5,-70.66034441572587
37.0,-70.65192709286028
37.5,-70.64361146773012
38.0,-70.63539644049223
38.5,-70.62728092037895
39.0,-70.61926382568188
39.5,-70.61134408373422
40.0,-70.6035206308921
40.5,-70.59579241251443
41.0,-70.58815838294194
41.5,-70.58061750547482
42.0,-70.57316875234926
42.5,-70.56581110471308
43.0,-70.55854355260003
43.5,-70.55136509490326
44.0,-70.54427473934751
44.5,-70.5372715024606
45.0,-70.53035440954356
45.5,-70.52352249464016
46.0,-70.51677480050525
46.5,-70.51011037857226
47.0,-70.5035282889198
47.5,-70.49702760023736
48.0,-70.49060738979013
48.5,-70.48426674338312
49.0,-70.47800475532433
49.5,-70.47182052838718
50.0,-70.46571317377214
50.5,-70.45968181106767
51.0,-70.4537255682104
51.5,-70.44784358144473
52.0,-70.44203499528145
52.5,-70.43629896245608
53.0,-70.43063464388628
53.5,-70.42504120862885
54.0,-70.41951783383605
54.5,-70.41406370471121
55.0,-70.4086780144641
55.5,-70.40335996426549
56.0,-70.39810876320139
56.5,-70.39292362822663
57.0,-70.38780378411813
57.5,-70.3827484634277
58.0,-70.37775690643421
58.5,-70.37282836109571
59.0,-70.36796208300075
59.5,-70.36315733531971
60.0,-70.3584133887555
60.5,-70.35372952149399
61.0,-70.34910501915432
61.5,-70.34453917473869
62.0,-70.34003128858176
62.5,-70.33558066830027
63.0,-70.33118662874182
63.5,-70.32684849193389
64.0,-70.3225655870324
64.5,-70.31833725027013
65.0,-70.314162824905
65.5,-70.31004166116814
66.0,-70.30597311621185
66.5,-70.30195655405728
67.0,-70.29799134554234
67.5,-70.29407686826912
68.0,-70.29021250655137
68.5,-70.28639765136198
69.0,-70.28263170028038
69.5,-70.27891405743972
70.0,-70.27524413347425
70.5,-70.27162134546654
71.0,-70.26804511689471
71.5,-70.26451487757967
72.0,-70.26103006363238
72.5,-70.25759011740112
73.0,-70.254194487419
73.5,-70.25084262835095
74.0,-70.24753400094157
74.5,-70.24426807196237
75.0,-70.24104431415945
75.5,-70.23786220620124
76.0,-70.23472123262617
76.5,-70.23162088379058
77.0,-70.22856065581688
77.5,-70.2255400505415
78.0,-70.22255857546332
78.5,-70.21961574369206
79.0,-70.21671107389683
79.5,-70.21384409025492
80.0,-70.21101432240079
80.5,-70.20822130537498
81.0,-70.20546457957366
81.5,-70.20274369069791
82.0,-70.20005818970347
82.5,-70.19740763275067
83.0,-70.19479158115459
83.5,-70.1922096013352
84.0,-70.18966126476803
84.5,-70.187146147935
85.0,-70.18466383227539
85.5,-70.18221390413713
86.0,-70.17979595472822
86.5,-70.17740958006864
87.0,-70.17505438094229
87.5,-70.17272996284927
88.0,-70.1704359359585
88.5,-70.16817191506044
89.0,-70.16593751952031
89.5,-70.16373237323138
90.0,-70.16155610456869
90.5,-70.15940834634291
91.0,-70.15728873575465
91.5,-70.15519691434896
92.0,-70.15313252797017
92.5,-70.15109522671699
93.0,-70.1490846648979
93.5,-70.14710050098694
94.0,-70.14514239757966
94.5,-70.14321002134952
95.0,-70.1413030430045
95.5,-70.13942113724404
96.0,-70.13756398271636
96.5,-70.13573126197596
97.0,-70.13392266144162
97.5,-70.13213787135453
98.0,-70.13037658573685
98.5,-70.12863850235057
99.0,-70.1269233226567
99.5,-70.12523075177472
100.0,-70.12356049844246
100.5,-65.12191227497615
101.0,-61.14466825222621
101.5,-57.27269986925621
102.0,-52.89943426682737
102.5,-47.241489772420294
103.0,-38.78701567684734
103.5,-23.764860582686094
104.0,9.98917910468565
104.5,-65.0
105.0,-65.25237209488955
105.5,-65.44070942585566
106.0,-65.57020150541568
106.5,-65.64691109323799
107.0,-65.67710991332214
107.5,-65.66680966477476
108.0,-65.62147338228763
108.5,-65.54586966380162
109.0,-65.4440272712522
109.5,-65.3192524772625
110.0,-65.17418018549316
110.5,-65.01083862457946
111.0,-64.83071463247263
111.5,-64.6348117775557
112.0,-64.42369697786448
112.5,-64.19753325538645
113.0,-63.95609716933284
113.5,-63.69877959078581
114.0,-63.4245679762467
114.5,-63.13200721505243
115.0,-62.81913438476176
115.5,-62.483380116221795
116.0,-62.12142529733134
116.5,-61.72899573957021
117.0,-61.30056781304626
117.5,-60.828942480504054
118.0,-60.30461919271273
118.5,-59.714856435561316
119.0,-59.042226191700315
119.5,-58.262322488210884
120.0,-57.34000013593157
120.5,-56.22294334448277
121.0,-54.83012516790536
121.5,-53.02987114802943
122.0,-50.5951469365378
122.5,-47.10420970812448
123.0,-41.69439495479057
123.5,-32.35856121582289
124.0,-13.506404165369588
124.5,-65.0
125.0,-68.22318811455946
125.5,-70.84904670408062
126.0,-72.66608856970738
126.5,-73.73856413499611
127.0,-74.27910964451512
127.5,-74.49765806601889
128.0,-74.53931490782759
128.5,-74.48849267572375
129.0,-74.39032326662232
129.5,-74.26803565263104
130.0,-74.13341711929978
130.5,-73.99243478802447
131.0,-73.84811831446072
131.5,-73.70201272093311
132.0,-73.55490811275155
132.5,-73.40720743250222
133.0,-73.25911304038132
133.5,-73.11072216115255
134.0,-72.96207614768318
134.5,-72.81318613645614
135.0,-72.6640465224243
135.5,-72.51464208824301
136.0,-72.36495179462706
136.5,-72.21495079553374
137.0,-72.06461149886816
137.5,-71.91390410728896
138.0,-71.7627968711628
138.5,-71.61125617847856
139.0,-71.45924654920591
139.5,-71.30673057062563
140.0,-71.15366879325339
140.5,-71.00001959762079
141.0,-70.84573903690244
141.5,-70.69078065731887
142.0,-70.53509529639518
142.5,-70.37863085795126
143.0,-70.22133206183678
143.5,-70.06314016572058
144.0,-69.90399265559813
144.5,-69.74382290102162
145.0,-69.58255977034216
145.5,-69.42012720044214
146.0,-69.25644371449405
146.5,-69.09142188017441
147.0,-68.92496769944371
147.5,-68.7569799194306
148.0,-68.58734925206515
148.5,-68.4159574878223
149.0,-68.24267648616443
149.5,-68.06736702189527
150.0,-67.88987746250285
150.5,-67.71004224648499
151.0,-67.5276801263654
151.5,-67.34259213230067
152.0,-67.15455920242418
152.5,-66.96333941382117
153.0,-66.76866473254606
153.5,-66.57023718140702
154.0,-66.36772429904654
154.5,-66.16075373137512
155.0,-65.94890675426383
155.5,-65.73171047125933
156.0,-65.5086283573619
156.5,-65.27904872316466
157.0,-65.04227054377348
157.5,-64.79748592085161
158.0,-64.54375820493617
158.5,-64.2799944710731
159.0,-64.00491057248752
159.5,-63.716986332070626
160.0,-63.414407474293924
160.5,-63.094989501684466
161.0,-62.75607664355963
161.5,-62.394405867207674
162.0,-62.005921109456125
162.5,-61.58551528680672
163.0,-61.12666541167266
163.5,-60.620905951528364
164.0,-60.057051279965435
164.5,-59.42001797016366
165.0,-58.68898852538227
165.5,-57.83445171610665
166.0,-56.813245878113015
166.5,-55.55987754555616
167.0,-53.97048927116068
167.5,-51.87130687021287
168.0,-48.95151400587271
168.5,-44.60585683805872
169.0,-37.516464698030646
169.5,-24.34103701697081
170.0,5.472326654322263
170.5,-65.0
171.0,-68.24108321511282
171.5,-70.88055486841753
172.0,-72.70457544628337
172.5,-73.77868532079493
173.0,-74.31826519857482
173.5,-74.53522584897644
174.0,-74.57550897057416
174.5,-74.52370958960883
175.0,-74.4249056021662
175.5,-74.30222640004288
176.0,-74.16737492206862
176.5,-74.02625943138955
177.0,-73.88187181502917
177.5,-73.7357338934239
178.0,-73.5886218758153
178.5,-73.44093052164511
179.0,-73.29285744062672
179.5,-73.14449714667647
180.0,-72.99588948844013
180.5,-72.84704481277943
181.0,-72.69795715107384
181.5,-72.54861117995158
182.0,-72.39898591356423
182.5,-72.24905666190972
183.0,-72.09879605883114
183.5,-71.94817458432388
184.0,-71.79716080741042
184.5,-71.6457214710269
185.0,-71.49382148444896
185.5,-71.34142385865
186.0,-71.18848960356233
186.5,-71.03497759713915
187.0,-70.88084443100924
187.5,-70.72604423456454
188.0,-70.57052847753326
188.5,-70.41424574993465
189.0,-70.25714151747951
189.5,-70.099157849804
190.0,-69.94023311830264
190.5,-69.78030165969227
191.0,-69.61929340075014
191.5,-69.4571334388896
192.0,-69.29374157233069
192.5,-69.12903177255922
193.0,-68.96291159050305
193.5,-68.79528148634542
194.0,-68.62603407108023
194.5,-68.45505324572862
195.0,-68.28221322148292
195.5,-68.10737740081748
196.0,-67.93039709565933
196.5,-67.75111005386196
197.0,-67.56933875923912
197.5,-67.38488846298601
198.0,-67.19754489504719
198.5,-67.00707159236221
199.0,-66.81320676624695
199.5,-66.61565961253835
200.0,-66.4141059443213
200.5,-66.20818299642279
201.0,-65.99748321115851
201.5,-65.7815467629759
202.0,-65.55985251139627
202.5,-65.33180698105994
203.0,-65.09673084630762
203.5,-64.85384223356247
204.0,-64.60223593043409
204.5,-64.3408572805172
205.0,-64.06846910958711
205.5,-63.78360941557045
206.0,-63.484536674634604
206.5,-63.16915833442698
207.0,-62.834936170197416
207.5,-62.47875932746896
208.0,-62.0967715019887
208.5,-61.68413186409375
209.0,-61.23467838055988
209.5,-60.74044421212549
210.0,-60.19094754383436
210.5,-59.572122457206255
211.0,-58.864663456046095
211.5,-58.041378331415004
212.0,-57.06279555230124
212.5,-55.86955366076048
213.0,-54.36852622511243
213.5,-52.4059360045456
214.0,-49.711243742956114
214.5,-45.76872126923409
215.0,-39.486784291895916
215.5,-28.203712640245584
216.0,-3.9867687126718785
216.5,-65.0
217.0,-68.2268171856037
217.5,-70.85543749780483
218.0,-72.67389748863492
218.5,-73.7467076883124
219.0,-74.28705937614077
219.5,-74.5052864544308
220.0,-74.54666456648903
220.5,-74.4956437439104
221.0,-74.39734520648929
221.5,-74.27497783430115
222.0,-74.14031182531775
222.5,-73.99930235014327
223.0,-73.8549713830295
223.5,-73.70885922094054
224.0,-73.56175313555869
224.5,-73.41405439885915
225.0,-73.26596440012038
225.5,-73.11757980941782
226.0,-72.96894167143527
226.5,-72.82006096061015
227.0,-72.67093199706191
227.5,-72.52153954137947
228.0,-72.3718625649075
228.5,-72.22187625328318
229.0,-72.07155306043556
229.5,-71.92086324559466
230.0,-71.76977512417473
230.5,-71.6182551566535
231.0,-71.46626794253136
231.5,-71.3137761556649
232.0,-71.16074044046306
232.5,-71.00711927913507
233.0,-70.85286883493725
233.5,-70.69794277333172
234.0,-70.54229206112946
234.5,-70.38586474249925
235.0,-70.22860568986519
235.5,-70.07045632701906
236.0,-69.91135432113195
236.5,-69.75123323969564
237.0,-69.59002216771579
237.5,-69.42764527967205
238.0,-69.26402135982808
238.5,-69.09906326337372
239.0,-68.9326773095769
239.5,-68.7647625965611
240.0,-68.59521022544956
240.5,-68.42390241935125
241.0,-68.25071151991854
241.5,-68.07549884085945
242.0,-67.89811335369194
242.5,-67.71839017599274
243.0,-67.53614882616917
243.5,-67.35119120105348
244.0,-67.16329922296586
244.5,-66.97223209076954
245.0,-66.77772305412772
245.5,-66.57947561070466
246.0,-66.3771590011458
246.5,-66.1704028445835
247.0,-65.95879071577444
247.5,-65.74185241052055
248.0,-65.51905457423891
248.5,-65.28978927308655
249.0,-65.05335995894713
249.5,-64.80896410600383
250.0,-64.55567155895784
250.5,-64.29239730391787
251.0,-64.017866912022
251.5,-63.730572251771775
252.0,-63.42871412513511
252.5,-63.11012710871177
253.0,-62.77217984309112
253.5,-62.4116409364362
254.0,-62.02449591348875
254.5,-61.60569320212601
255.0,-61.14878519088746
255.5,-60.645410673396604
256.0,-60.084531557397966
256.5,-59.45127819703474
257.0,-58.72515160446493
257.5,-57.87713054314944
258.0,-56.864835812644635
258.5,-55.62407964643131
259.0,-54.053301085180415
259.5,-51.983031736774
260.0,-49.11119445841316
260.5,-44.85215134919475
261.0,-37.938256490417984
261.5,-25.180955471904127
262.0,3.364753446951269
262.5,-65.0
263.0,-68.23789647433262
263.5,-70.87494486491873
264.0,-72.69772527312922
264.5,-73.7715470069788
265.0,-74.31130065438126
265.5,-74.5285446395635
266.0,-74.5690722596542
266.5,-74.5174465004196
267.0,-74.41875512184207
267.5,-74.29614534119202
268.0,-74.16133513337394
268.5,-74.02024322966403
269.0,-73.87586822288412
269.5,-73.72973604705214
270.0,-73.58262537194994
270.5,-73.4349324042439
271.0,-73.28685559280807
271.5,-73.13848992985105
272.0,-72.98987552906583
272.5,-72.84102287620605
273.0,-72.6919260664043
273.5,-72.54256979466244
274.0,-72.39293306543067
274.5,-72.24299116095193
275.0,-72.0927166750192
275.5,-71.94208003853629
276.0,-71.79104976416305
276.5,-71.63959253208363
277.0,-71.48767318276948
277.5,-71.3352546523308
278.0,-71.18229786954055
278.5,-71.02876162449363
279.0,-70.87460241372843
279.5,-70.71977426366507
280.0,-70.56422853241929
280.5,-70.40791368888371
281.0,-70.25077506713146
281.5,-70.09275459351706
282.0,-69.93379048322124
282.5,-69.77381690235026
283.0,-69.6127635910054
283.5,-69.45055544195354
284.0,-69.28711202861811
284.5,-69.1223470750369
285.0,-68.95616785916033
285.5,-68.78847453934296
286.0,-68.61915939205325
286.5,-68.44810594662293
287.0,-68.27518800018385
287.5,-68.10026849268775
288.0,-67.92319821792445
288.5,-67.74381434156389
289.0,-67.56193869120901
289.5,-67.377375775951
290.0,-67.18991048356615
290.5,-66.99930539175664
291.0,-66.80529761502434
291.5,-66.6075950899531
292.0,-66.40587217762526
292.5,-66.19976443094737
293.0,-65.9888623345339
293.5,-65.7727037723882
294.0,-65.55076490960207
294.5,-65.32244908263796
295.0,-65.08707316991864
295.5,-64.8438507482305
296.0,-64.59187111320263
296.5,-64.33007292802542
297.0,-64.05721082528312
297.5,-63.77181266460609
298.0,-63.47212425561021
298.5,-63.156037054259045
299.0,-62.82099241458782
299.5,-62.46385307706248
300.0,-62.080728123875474
300.5,-61.66673065970184
301.0,-61.21563630651741
301.5,-60.719392252573314
302.0,-60.167395607781515
302.5,-59.54540583838698
303.0,-58.83385869424369
303.5,-58.00516638209279
304.0,-57.01923027237647
304.5,-55.815651500433376
305.0,-54.299497957447414
305.5,-52.313649817693154
306.0,-49.58089108889553
306.5,-45.57081105115292
307.0,-39.15523897951172
307.5,-27.564573757083775
308.0,-2.4627915810692365
308.5,-65.0
309.0,-68.22910657047622
309.5,-70.85946883333021
310.0,-72.67882269297507
310.5,-73.75184315656297
311.0,-74.29207204644166
311.5,-74.51009623480947
312.0,-74.55129854819917
312.5,-74.50015255733743
313.0,-74.40177267446565
313.5,-74.27935507767967
314.0,-74.14465918060013
314.5,-74.00363261847895
315.0,-73.85929252553997
315.5,-73.7131762230306
316.0,-73.56606919912562
316.5,-73.41837167481296
317.0,-73.27028442884992
317.5,-73.12190378268642
318.0,-72.97327058741365
318.5,-72.82439571574646
319.0,-72.67527344088627
319.5,-72.52588850965026
320.0,-72.37621990014372
320.5,-72.22624281797987
321.0,-72.07592974606811
321.5,-71.92525097924009
322.0,-71.77417487383327
322.5,-71.62266793592146
323.0,-71.47069481502386
323.5,-71.31821823944136
324.0,-71.1651989126244
324.5,-71.01159538071389
325.0,-70.85736387617789
325.5,-70.7024581394445
326.0,-70.54682921860056
326.5,-70.39042524604007
327.0,-70.23319119009146
327.5,-70.0750685789604
328.0,-69.91599519368515
328.5,-69.75590472615234
329.0,-69.59472639751384
329.5,-69.432384531545
330.0,-69.2687980765547
330.5,-69.10388006836483
331.0,-68.93753702557653
331.5,-68.76966826678984
332.0,-68.60016513757583
332.5,-68.42891013274996
333.0,-68.25577589676305
333.5,-68.08062408170015
334.0,-67.9033040383065
334.5,-67.7236513104543
335.0,-67.54148589727961
335.5,-67.3566102395384
336.0,-67.16880687714041
336.5,-66.97783571277823
337.0,-66.78343080135936
337.5,-66.58529656561974
338.0,-66.38310331356953
338.5,-66.17648190157261
339.0,-65.96501734553857
339.5,-65.74824112868293
340.0,-65.52562188310567
340.5,-65.29655402778026
341.0,-65.06034381855376
341.5,-64.81619209372744
342.0,-64.5631727633202
342.5,-64.3002057642351
343.0,-64.02602274716169
343.5,-63.739123113710654
344.0,-63.437717091440454
344.5,-63.119651176008134
345.0,-62.782309255242986
345.5,-62.42247969028015
346.0,-62.0361739543521
346.5,-61.61837509016934
347.0,-61.16268245613369
347.5,-60.66079980622191
348.0,-60.10178083391726
348.5,-59.47088876374342
349.0,-58.7478223481427
349.5,-57.90386415996831
350.0,-56.89711941332275
350.5,-55.66420723288087
351.0,-54.1049827629277
351.5,-52.05262568477531
352.0,-49.21041561832586
352.5,-45.004687041735245
353.0,-38.198274275284895
353.5,-25.695195800522715
354.0,2.0883097176586
354.5,-65.0
355.0,-68.23596779310243
355.5,-70.87154937780366
356.0,-72.69357866433015
356.5,-73.76722540079894
357.0,-74.30708383711107
357.5,-74.52449917992962
358.0,-74.56517480390438
358.5,-74.51365420594101
359.0,-74.41503106392051
359.5,-74.29246336415297
360.0,-74.15767817845436
360.5,-74.0166005764592
361.0,-73.87223321369724
361.5,-73.72610451763856
362.0,-73.57899465018886
362.5,-73.43130069600848
363.0,-73.28322161327509
363.5,-73.13485268460275
364.0,-72.98623418468767
364.5,-72.8373766837043
365.0,-72.68827431557725
365.5,-72.53891178653444
366.0,-72.38926809519322
366.5,-72.23931850699157
367.0,-72.08903559144461
367.5,-71.93838974968271
368.0,-71.78734946017373
368.5,-71.6358813650273
369.0,-71.48395026296383
369.5,-71.33151904466168
370.0,-71.17854858963781
370.5,-71.02499763466263
371.0,-70.87082261855704
371.5,-70.7159775052368
372.0,-70.5604135850647
372.5,-70.40407925340101
373.0,-70.24691976440144
373.5,-70.0888769574291
374.0,-69.92988895281636
374.5,-69.76988981307362
375.0,-69.60880916494429
375.5,-69.44657177691705
376.0,-69.28309708589111
376.5,-69.11829866561285
377.0,-68.95208362822363
377.5,-68.78435194873046
378.0,-68.61499570037644
378.5,-68.44389818667193
379.0,-68.270932953163
379.5,-68.09596265874414
380.0,-67.91883778232322
380.5,-67.73939513573067
381.0,-67.55745614769577
381.5,-67.3728248761769
382.0,-67.18528569692788
382.5,-66.99460060438142
383.0,-66.80050604602974
383.5,-66.60270919255798
384.0,-66.4008835217893
384.5,-66.19466356335465
385.0,-65.9836386106162
385.5,-65.76734515361257
386.0,-65.54525771730529
386.5,-65.31677769709746
387.0,-65.0812196598603
387.5,-64.83779441122775
388.0,-64.5855879009008
388.5,-64.32353472105976
389.0,-64.05038451000722
389.5,-63.764658945569174
390.0,-63.46459611144495
390.5,-63.14807770607456
391.0,-62.81253261841686
391.5,-62.454807464497755
392.0,-62.07099017961809
392.5,-61.6561657104353
393.0,-61.204071548234296
393.5,-60.706602265806225
394.0,-60.15308082092546
394.5,-59.52915964913916
395.0,-58.81511574717929
395.5,-57.98311835478414
396.0,-56.9926831893704
396.5,-55.78277244018153
397.0,-54.25733985484981
397.5,-52.257198590151894
398.0,-49.50099241992964
398.5,-45.449173769772344
399.0,-38.95069793274949
399.5,-27.168082490876618
400.0,-1.509183239580988
400.5,-65.0
401.0,-68.23054158717073
401.5,-70.86199562082388
402.0,-72.6819094735692
402.5,-73.75506140270808
403.0,-74.29521311396098
403.5,-74.51311006076236
404.0,-74.55420219593637
404.5,-74.50297779206092
405.0,-74.40454696598837
405.5,-74.28209792343488
406.0,-74.14738331640811
406.5,-74.006346058394
407.0,-73.86200025209622
407.5,-73.71588135561761
408.0,-73.56877374081286
408.5,-73.4210769710435
409.0,-73.272991443163
409.5,-73.12461326060864
410.0,-72.97598315344901
410.5,-72.82711193083595
411.0,-72.67799383667595
411.5,-72.52861360921234
412.0,-72.3789502308095
412.5,-72.22897891959825
413.0,-72.07867217663224
413.5,-71.92800031902468
414.0,-71.77693172872026
414.5,-71.62543294032058
415.0,-71.47346863463729
415.5,-71.32100157403023
416.0,-71.16799249888275
416.5,-71.01439999532604
417.0,-70.86018033911944
417.5,-70.70528731757969
418.0,-70.54967202962702
418.5,-70.39328266283295
419.0,-70.23606424550388
419.5,-70.07795837114253
420.0,-69.91890289199306
420.5,-69.75883157772792
421.0,-69.59767373462932
421.5,-69.4353537798207
422.0,-69.27179076417636
422.5,-69.10689783644813
423.0,-68.9405816398527
423.5,-68.77274163081562
424.0,-68.60326930770995
424.5,-68.4320473351818
425.0,-68.25894854693466
425.5,-68.0838348065294
426.0,-67.90655570170063
426.5,-67.72694704270467
427.0,-67.54482912905284
427.5,-67.3600047413354
428.0,-67.17225680528854
428.5,-66.98134566326843
429.0,-66.7870058731497
429.5,-66.58894243542366
430.0,-66.38682632465466
430.5,-66.18028916975348
431.0,-65.96891688640152
431.5,-65.75224201120362
432.0,-65.52973441630482
432.5,-65.3007899890458
433.0,-65.06471673492848
433.5,-64.82071759109708
434.0,-64.56786900343889
434.5,-64.30509399648352
435.0,-64.03112801173602
435.5,-63.74447514692867
436.0,-63.44335150409999
436.5,-63.1256110054951
437.0,-62.78864703656192
437.5,-62.42926025885616
438.0,-62.043478298483336
438.5,-61.62630573757362
439.0,-61.171371149556876
439.5,-60.670418674189236
440.0,-60.11255903739077
440.5,-59.483137974276765
441.0,-58.76197694524039
441.5,-57.92054689971038
442.0,-56.9172531276221
442.5,-55.689214029349564
443.0,-54.13715979846467
443.5,-52.09590372078354
444.0,-49.27202316181766
444.5,-45.099203423957555
445.0,-38.35892698108151
445.5,-26.011572854435215
446.0,1.3082531202753493
446.5,-65.0
447.0,-68.2347898537326
447.5,-70.86947551559837
448.0,-72.69104585326393
448.5,-73.76458548441344
449.0,-74.30450777923491
449.5,-74.52202773290945
450.0,-74.56279376046949
450.5,-74.5113374199233
451.0,-74.41275598420799
451.5,-74.2902140096262
452.0,-74.15544412270812
452.5,-74.01437526527532
453.0,-73.87001257571437
453.5,-73.72388600578746
454.0,-73.57677662980956
454.5,-73.42908206945579
455.0,-73.2810015944903
455.5,-73.1326306652388
456.0,-72.98400965494977
456.5,-72.83514918549164
457.0,-72.68604341455837
457.5,-72.53667705527366
458.0,-72.38702910270682
458.5,-72.2370748120297
459.0,-72.08678673791528
459.5,-71.93613526328684
460.0,-71.78508884569956
460.5,-71.63361410397367
461.0,-71.48167581128939
461.5,-71.32923683053205
462.0,-71.17625801108471
462.5,-71.02269805709362
463.0,-70.86851337206687
463.5,-70.71365788167735
464.0,-70.55808283483239
464.5,-70.40173658189913
465.0,-70.24456432813172
465.5,-70.08650785966121
466.0,-69.9275052387781
466.5,-69.76749046459574
467.0,-69.60639309448375
467.5,-69.44413782087094
468.0,-69.28064399709864
468.5,-69.11582510492536
469.0,-68.94958815500222
469.5,-68.7818330101059
470.0,-68.6124516190755
470.5,-68.44132714717826
471.0,-68.26833298593662
471.5,-68.09333162216933
472.0,-67.91617334198816
472.5,-67.73669474056142
473.0,-67.55471700236568
473.5,-67.37004390908656
474.0,-67.18245952289455
474.5,-66.99172548097775
475.0,-66.79757782226213
475.5,-66.59972324825473
476.0,-66.39783469565985
476.5,-66.19154606715202
477.0,-65.98044592614633
477.5,-65.7640699084319
478.0,-65.54189153375349
478.5,-65.31331100772016
479.0,-65.07764148013203
479.5,-64.83409205756807
480.0,-64.5817466379675
480.5,-64.31953731672901
481.0,-64.04621066860638
481.5,-63.760284578743985
482.0,-63.459992389871125
482.5,-63.14320981148056
483.0,-62.807358079946816
483.5,-62.44927390959012
484.0,-62.06503224612042
484.5,-61.649700734535216
485.0,-61.196993428551664
485.5,-60.698772547437486
486.0,-60.144315432268314
486.5,-59.51920864270053
487.0,-58.80363140897759
487.5,-57.9696032426271
488.0,-56.97640201800867
488.5,-55.76259550568908
489.0,-54.231448936475296
489.5,-52.222496366180856
490.0,-49.45181520025388
490.5,-45.37418202092816
491.0,-38.82430203520229
491.5,-26.922237285661758
492.0,-0.9147406340087691
492.5,-65.0
493.0,-68.23143694581962
493.5,-70.86357213290292
494.0,-72.6838352701095
494.5,-73.75706909631757
495.0,-74.29717257222083
495.5,-74.51499010215107
496.0,-74.55601349894944
496.5,-74.50474018760549
497.0,-74.40627759387745
497.5,-74.28380894509357
498.0,-74.14908267373518
498.5,-74.00803874779338
499.0,-73.8636893793854
499.5,-73.71756886494073
500.0,-73.57046088042827
500.50000000000006,-73.42276457933997
501.0,-73.27468012054926
501.50000000000006,-73.12630347166647
502.0,-72.9776752873761
502.50000000000006,-72.82880633724776
503.0,-72.67969084695424
503.50000000000006,-72.53031354941204
504.0,-72.38065342965129
504.50000000000006,-72.2306857136116
505.0,-72.0803829136592
505.50000000000006,-71.92971536079635
506.0,-71.77865145292789
506.50000000000006,-71.62715774243452
507.0,-71.47519892962896
507.50000000000006,-71.32273779809533
508.0,-71.16973511123157
508.50000000000006,-71.01614948008798
509.0,-70.86193720739917
509.50000000000006,-70.70705210969801
510.0,-70.55144531757814
510.50000000000006,-70.39506505299049
511.0,-70.23785638161074
511.50000000000006,-70.07976093762394
512.0,-69.92071661763703
512.5,-69.76065723978314
513.0,-69.59951216337947
513.5,-69.43720586370219
514.0,-69.27365745551846
514.5,-69.10878015792747
515.0,-68.94248069176963
515.5,-68.77465859932009
516.0,-68.60520547412659
516.5,-68.43400408661243
517.0,-68.26092738835048
517.5,-68.08583737460626
518.0,-67.90858378070234
518.5,-67.72900258278115
519.0,-67.54691426739882
519.5,-67.36212182675055
520.0,-67.17440842680305
520.5,-66.98353468364857
521.0,-66.7892354682925
521.5,-66.59121614089487
522.0,-66.3891480909412
522.5,-66.1826634282088
523.0,-65.97134862839424
523.5,-65.75473688367677
524.0,-65.53229883787586
524.5,-65.30343129200855
525.0,-65.06744334017702
525.5,-64.82353922524987
526.0,-64.57079697054569
526.5,-64.30814152101813
527.0,-64.03431067566046
527.5,-63.74781145229504
528.0,-63.44686360521705
528.5,-63.12932567314536
529.0,-62.79259694433186
529.5,-62.43348572359375
530.0,-62.04802967198165
530.5,-61.63124674976344
531.0,-61.17678367101217
531.5,-60.67640964498661
532.0,-60.119270788667684
532.5,-59.490764019014534
533.0,-58.770786879722365
533.5,-57.930927061422395
534.0,-56.929775707894564
534.5,-55.70476023241061
535.0,-54.157151959547384
535.5,-52.12277335393948
536.0,-49.31023637099038
536.5,-45.15775398343537
537.0,-38.45826956426897
537.5,-26.20669542702488
538.0,0.8291552885275131
538.5,-65.0
539.0,-68.23406670222056
539.5,-70.86820231850861
540.0,-72.68949082578291
540.5,-73.76296461875283
541.0,-74.30292606401827
541.5,-74.52051022242354
542.0,-74.56133175375207
542.5,-74.50991487300985
543.0,-74.41135905292896
543.5,-74.2888328805075
544.0,-74.15407239192491
544.5,-74.0130089065769
545.0,-73.86864908769336
545.5,-73.72252382335166
546.0,-73.57541474841815
546.5,-73.42771981454185
547.0,-73.27963848297293
547.5,-73.13126632326693
548.0,-72.98264376925752
548.5,-72.8337814745992
549.0,-72.6846736116073
549.5,-72.53530489765373
550.0,-72.38565432563504
550.5,-72.23569714441965
551.0,-72.08540589956328
551.5,-71.93475096280307
552.0,-71.78370077884438
552.5,-71.6322219521964
553.0,-71.4802792403446
553.5,-71.32783548909457
554.0,-71.17485152931071
554.5,-71.02128604508977
555.0,-70.86709541823744
555.5,-70.71223355092314
556.0,-70.55665166657582
556.5,-70.40029808790943
557.0,-70.24311799012212
557.5,-70.08505312662663
558.0,-69.92604152403828
558.5,-69.7660171425026
559.0,-69.60490949674686
559.5,-69.4426432324467
560.0,-69.27913765157992
560.5,-69.11430617935814
561.0,-68.94805576404266
561.5,-68.78028619941597
562.0,-68.61088935783681
562.5,-68.43974831958174
563.0,-68.26673638147761
563.5,-68.0917159245453
564.0,-67.914537116355
564.5,-67.73503641885448
565.0,-67.55303486632877
565.5,-67.36833607057609
566.0,-67.18072390092782
566.5,-66.98995977487333
567.0,-66.79577948006585
567.5,-66.59788942944807
568.0,-66.39596222689558
568.5,-66.18963138943566
569.0,-65.97848503145855
569.5,-65.76205826323033
570.0,-65.53982398605756
570.5,-65.31118167350074
571.0,-65.07544360340587
571.5,-64.8318178368002
572.0,-64.57938700891242
572.5,-64.31708167840561
573.0,-64.04364653426511
573.5,-63.7575971267874
574.0,-63.45716387971455
574.5,-63.14021881469245
575.0,-62.80417845514122
575.5,-62.44587341630695
576.0,-62.06137064140955
576.5,-61.64572711436431
577.0,-61.19264244382697
577.5,-60.69395890411701
578.0,-60.13892570739768
578.5,-59.513088779350035
579.0,-58.79656702401529
579.5,-57.9612875263752
580.0,-56.96638127131345
580.5,-55.75017230276765
581.0,-54.215500101231974
581.5,-52.201107122013184
582.0,-49.42148086597961
582.5,-45.327876961948114
583.0,-38.746145145642075
583.5,-26.76990019245211
584.0,-0.5451841832514326
584.5,-65.0
585.0,-68.23199386631688
585.5,-70.86455272030072
586.0,-72.68503307059777
586.5,-73.75831778745984
587.0,-74.29839122926757
587.5,-74.51615935108057
588.0,-74.55713999429233
588.5,-74.50583626878277
589.0,-74.40735392214849
589.5,-74.2848730835195
590.0,-74.15013956052205
590.5,-74.00909148925255
591.0,-73.8647399062124
591.5,-73.71861838557439
592.0,-73.57151017070352
592.5,-73.42381416032269
593.0,-73.27573036539748
593.5,-73.12735466912969
594.0,-72.97872767936315
594.5,-72.82986014107688
595.0,-72.68074626861933
595.5,-72.53137079160244
596.0,-72.38171269671778
596.5,-72.23174721476146
597.0,-72.081446865133
597.5,-71.93078198746866
598.0,-71.77972098959404
598.5,-71.62823043494066
599.0,-71.476275035942
599.5,-71.32381758937375
600.0,-71.17081887293773
600.5,-76.01723751317157
601.0,-78.65958232694067
601.5,-79.6758654931878
602.0,-79.95478473607118
602.5,-79.98030375509443
603.0,-79.92809871339917
603.5,-79.85302110661932
604.0,-79.7714941169853
604.5,-79.68841055771001
605.0,-79.60523646875708
605.5,-79.52241427560189
606.0,-79.44007778261671
606.5,-79.35826677251394
607.0,-79.27699208183053
607.5,-79.19625554475564
608.0,-79.11605617026734
608.5,-79.03639207538208
609.0,-78.95726109639911
609.5,-78.87866098407059
610.0,-78.80058946648866
610.5,-78.72304426949452
611.0,-78.64602312331328
611.5,-78.56952376467862
612.0,-78.4935439374672
612.5,-78.41808139283604
613.0,-78.3431338891926
613.5,-78.26869919210836
614.0,-78.19477507421327
614.5,-78.12135931508386
615.0,-78.04844970112927
615.5,-77.97604402547714
616.0,-77.9041400878595
616.5,-77.83273569449901
617.0,-77.76182865799571
617.5,-77.69141679721437
618.0,-77.62149793717231
618.5,-77.5520699089277
619.0,-77.48313054946878
619.5,-77.41467770160332
620.0,-77.34670921384898
620.5,-77.27922294032433
621.0,-77.21221674064053
621.5,-77.14568847979382
622.0,-77.07963602805857
622.5,-77.0140572608815
623.0,-76.94895005877633
623.5,-76.88431230721962
624.0,-76.82014189654713
624.5,-76.75643672185153
625.0,-76.69319468288063
625.5,-76.63041368393688
626.0,-76.56809163377766
626.5,-76.50622644551677
627.0,-76.44481603652686
627.5,-76.38385832834305
628.0,-76.32335124656757
628.5,-76.26329272077557
629.0,-76.20368068442228
629.5,-76.14451307475113
630.0,-76.08578783270318
630.5,-76.02750290282816
631.0,-75.96965623319615
631.5,-75.91224577531132
632.0,-75.85526948402651
632.5,-75.79872531745953
633.0,-75.74261123691059
633.5,-75.68692520678161
634.0,-75.63166519449659
634.5,-75.57682917042376
635.0,-75.52241510779923
635.5,-75.46842098265222
636.0,-75.41484477373177
636.5,-75.36168446243536
637.0,-75.308938032739
637.5,-75.25660347112895
638.0,-75.20467876653557
638.5,-75.15316191026822
639.0,-75.10205089595279
639.5,-75.05134371947031
640.0,-75.00103837889782
640.5,-74.95113287445093
641.0,-74.90162520842837
641.5,-74.85251338515825
642.0,-74.8037954109466
642.5,-74.75546929402745
643.0,-74.70753304451527
643.5,-74.6599846743592
644.0,-74.61282219729918
644.5,-74.56604362882463
645.0,-74.51964698613452
645.5,-74.47363028810008
646.0,-74.4279915552293
646.5,-74.38272880963365
647.0,-74.33784007499686
647.5,-74.29332337654607
648.0,-74.24917674102483
648.5,-74.20539819666848
649.0,-74.1619857731817
649.5,-74.11893750171814
650.0,-74.07625141486247
650.5,-74.03392554661438
651.0,-73.99195793237514
651.5,-73.95034660893597
652.0,-73.90908961446911
652.5,-73.86818498852071
653.0,-73.82763077200632
653.5,-73.78742500720836
654.0,-73.74756573777603
654.5,-73.70805100872732
655.0,-73.66887886645343
655.5,-73.63004735872515
656.0,-73.59155453470191
656.5,-73.55339844494266
657.0,-73.51557714141914
657.5,-73.47808867753149
658.0,-73.4409311081258
658.5,-73.40410248951409
659.0,-73.36760087949638
659.5,-73.33142433738489
660.0,-73.29557092403054
660.5,-73.26003870185146
661.0,-73.22482573486363
661.5,-73.18993008871374
662.0,-73.15534983071394
662.5,-73.12108302987895
663.0,-73.08712775696486
663.5,-73.05348208451025
664.0,-73.02014408687914
664.5,-72.98711184030581
665.0,-72.95438342294193
665.5,-72.92195691490514
666.0,-72.88983039832986
666.5,-72.85800195741982
667.0,-72.82646967850224
667.5,-72.79523165008418
668.0,-72.76428596291021
668.5,-72.73363071002213
669.0,-72.70326398682008
669.5,-72.67318389112556
670.0,-72.64338852324587
670.5,-72.61387598604017
671.0,-72.58464438498687
671.5,-72.55569182825292
672.0,-72.5270164267641
672.5,-72.49861629427687
673.0,-72.47048954745158
673.5,-72.44263430592697
674.0,-72.41504869239591
674.5,-72.38773083268222
675.0,-72.36067885581892
675.5,-72.33389089412725
676.0,-72.30736508329709
676.5,-72.28109956246804
677.0,-72.25509247431182
677.5,-72.22934196511525
678.0,-72.20384618486433
678.5,-72.17860328732891
679.0,-72.15361143014827
679.5,-72.12886877491755
680.0,-72.10437348727427
680.5,-72.08012373698611
681.0,-72.05611769803878
681.5,-72.03235354872461
682.0,-72.00882947173154
682.5,-71.98554365423234
683.0,-71.9624942879744
683.5,-71.93967956936947
684.0,-71.91709769958419
684.5,-71.89474688463007
685.0,-71.87262533545416
685.5,-71.85073126802949
686.0,-71.82906290344573
686.5,-71.80761846799955
687.0,-71.7863961932851
687.5,-71.76539431628434
688.0,-71.74461107945712
688.5,-71.72404473083085
689.0,-71.7036935240904
689.5,-71.68355571866692
690.0,-71.663629579827
690.5,-71.64391337876083
691.0,-71.62440539267021
691.5,-71.60510390485592
692.0,-71.5860072048045
692.5,-71.56711358827434
693.0,-71.5484213573813
693.5,-71.52992882068351
694.0,-71.51163429326522
694.5,-71.49353609682028
695.0,-71.47563255973428
695.5,-71.45792201716631
696.0,-71.44040281112939
696.5,-71.4230732905702
697.0,-71.40593181144767
697.5,-71.38897673681066
698.0,-71.37220643687444
698.5,-71.35561928909614
699.0,-71.33921367824915
699.5,-71.32298799649617
700.0,-71.30694064346115
700.5,-71.29107002630006
701.0,-71.27537455977037
701.5,-71.25985266629915
702.0,-71.24450277604994
702.5,-71.22932332698834
703.0,-71.21431276494606
703.5,-71.1994695436838
704.0,-71.18479212495258
704.5,-71.17027897855357
705.0,-71.15592858239668
705.5,-71.14173942255752
706.0,-71.12770999333299
706.5,-71.1138387972952
707.0,-71.10012434534406
707.5,-71.08656515675813
708.0,-71.07315975924419
708.5,-71.05990668898492
709.0,-71.04680449068542
709.5,-71.03385171761768
710.0,-71.02104693166382
710.5,-71.00838870335758
711.0,-70.99587561192432
711.5,-70.98350624531918
712.0,-70.97127920026394
712.5,-70.95919308228197
713.0,-70.94724650573173
713.5,-70.93543809383867
714.0,-70.92376647872533
714.5,-70.91223030144002
715.0,-70.90082821198385
715.5,-70.88955886933594
716.0,-70.87842094147729
716.5,-70.86741310541285
717.0,-70.85653404719207
717.5,-70.84578246192787
718.0,-70.83515705381386
718.5,-70.82465653614031
719.0,-70.81427963130811
719.5,-70.80402507084153
720.0,-70.7938915953992
720.5,-70.78387795478363
721.0,-70.77398290794923
721.5,-70.76420522300874
722.0,-70.7545436772381
722.5,-70.74499705708003
723.0,-70.73556415814589
723.5,-70.7262437852162
724.0,-70.71703475223964
724.5,-70.70793588233076
725.0,-70.69894600776603
725.5,-70.69006396997875
726.0,-70.68128861955228
726.5,-70.67261881621219
727.0,-70.66405342881687
727.5,-70.65559133534686
728.0,-70.64723142289284
728.5,-70.63897258764244
729.0,-70.63081373486557
729.5,-70.62275377889866
730.0,-70.61479164312766
730.5,-70.60692625996971
731.0,-70.5991565708537
731.5,-70.59148152619962
732.0,-70.58390008539686
732.5,-70.57641121678118
733.0,-70.56901389761073
733.5,-70.56170711404096
734.0,-70.55448986109843
734.5,-70.5473611426536
735.0,-70.54031997139253
735.5,-70.53336536878771
736.0,-70.52649636506781
736.5,-70.51971199918646
737.0,-70.51301131879018
737.5,-70.50639338018541
738.0,-70.49985724830454
738.5,-70.49340199667117
739.0,-70.48702670736446
739.5,-70.48073047098272
740.0,-70.47451238660625
740.5,-70.46837156175916
741.0,-70.46230711237081
741.5,-70.45631816273615
742.0,-70.45040384547562
742.5,-70.44456330149427
743.0,-70.4387956799401
743.5,-70.43310013816198
744.0,-70.42747584166673
744.5,-70.42192196407576
745.0,-70.41643768708107
745.5,-70.41102220040064
746.0,-70.40567470173336
746.5,-70.4003943967134
747.0,-70.39518049886411
747.5,-70.3900322295514
748.0,-70.38494881793669
748.5,-70.37992950092949
749.0,-70.37497352313937
749.5,-70.37008013682778
750.0,-70.36524860185922
750.5,-70.36047818565234
751.0,-70.35576816313053
751.5,-70.35111781667206
752.0,-70.34652643606029
752.5,-70.34199331843315
753.0,-70.33751776823271
753.5,-70.33309909715433
754.0,-70.32873662409548
754.5,-70.32442967510464
755.0,-70.32017758332962
755.5,-70.31597968896605
756.0,-70.31183533920547
756.5,-70.30774388818325
757.0,-70.30370469692662
757.5,-70.29971713330224
758.0,-70.29578057196393
758.5,-70.29189439430016
759.0,-70.2880579883815
759.5,-70.28427074890803
760.0,-70.2805320771566
760.5,-70.27684138092812
761.0,-70.27319807449497
761.5,-70.2696015785481
762.0,-70.26605132014421
762.5,-70.26254673265323
763.0,-70.25908725570534
763.5,-70.25567233513851
764.0,-70.25230142294562
764.5,-70.24897397722206
765.0,-70.24568946211318
765.5,-70.2424473477617
766.0,-70.23924711025549
766.5,-70.23608823157532
767.0,-70.23297019954255
767.5,-70.22989250776727
768.0,-70.22685465559634
768.5,-70.22385614806154
769.0,-70.220896495828
769.5,-70.21797521514273
770.0,-70.21509182778324
770.5,-70.21224586100651
771.0,-70.20943684749787
771.5,-70.20666432532023
772.0,-70.20392783786366
772.5,-70.20122693379476
773.0,-70.19856116700659
773.5,-70.19593009656862
774.0,-70.19333328667702
774.5,-70.19077030660505
775.0,-70.18824073065386
775.5,-70.18574413810327
776.0,-70.18328011316292
776.5,-70.18084824492388
777.0,-70.17844812731009
777.5,-70.17607935903038
778.0,-70.17374154353058
778.5,-70.17143428894605
779.0,-70.16915720805423
779.5,-70.1669099182278
780.0,-70.16469204138784
780.5,-70.16250320395731
781.0,-70.160343036815
781.5,-70.15821117524952
782.0,-70.15610725891382
782.5,-70.15403093177976
783.0,-70.15198184209315
783.5,-70.1499596423291
784.0,-70.14796398914741
784.5,-70.14599454334873
785.0,-70.14405096983056
785.5,-70.14213293754386
786.0,-70.14024011944984
786.5,-70.13837219247702
787.0,-70.1365288374788
787.5,-70.13470973919117
788.0,-70.13291458619067
788.5,-70.13114307085301
789.0,-70.1293948893116
789.5,-70.12766974141667
790.0,-70.12596733069458
790.5,-70.12428736430755
791.0,-70.12262955301351
791.5,-70.1209936111267
792.0,-70.1193792564781
792.5,-70.11778621037638
793.0,-70.11621419756933
793.5,-70.11466294620546
794.0,-70.11313218779586
794.5,-70.1116216571765
795.0,-70.11013109247088
795.5,-70.10866023505287
796.0,-70.10720882950999
796.5,-70.105776623607
797.0,-70.10436336824972
797.5,-70.10296881744935
798.0,-70.10159272828686
798.5,-70.100234860878
799.0,-70.09889497833838
799.5,-70.09757284674893
